track_id,genre_id
10,8
141,3
190,3
193,3
194,3
210,5
211,3
213,3
400,6
425,6
534,3
536,3
540,3
546,3
602,1
605,8
619,5
620,3
664,7
667,8
673,4
674,5
679,4
680,7
695,2
696,6
704,4
708,4
709,5
714,5
715,6
718,7
820,8
823,6
854,6
868,2
890,6
893,3
998,6
1029,4
1069,2
1082,6
1083,6
1117,8
1130,8
1193,3
1199,3
1249,6
1259,7
1270,8
1277,5
1498,3
1534,7
1649,8
1652,8
1674,6
1680,5
1685,5
1686,5
1688,5
1689,5
1703,1
1704,5
1705,3
1734,6
1736,6
1739,6
1894,5
1926,3
2099,6
3264,3
3265,3
3266,3
3272,3
3273,3
3516,5
3533,7
3534,3
3535,3
3537,3
3538,3
3551,8
3568,5
3570,6
3572,6
3579,8
3606,8
3618,8
3681,8
3720,6
3727,6
3775,5
3778,5
3895,5
3896,5
3905,3
3912,3
3920,1
3921,1
3923,8
3939,8
3942,8
3944,5
3946,8
3957,8
3983,8
4017,1
4024,8
4029,8
4032,8
4033,8
4066,3
4068,3
4072,5
4075,5
4080,5
4091,5
4093,5
4094,5
4097,5
4098,5
4100,5
4101,5
4102,5
4105,8
4193,8
4233,5
4234,3
4235,5
4239,5
4298,8
4299,7
4333,5
4348,8
4409,7
4445,3
4507,3
4510,5
4519,7
4522,6
4686,5
4701,2
4707,2
4752,8
4755,7
4778,8
4799,8
4846,1
4848,5
5140,3
5157,3
5158,3
5169,3
5178,8
5196,8
5269,4
5342,2
5376,3
5377,3
5379,3
5381,3
5510,7
5531,4
5600,6
5879,8
5936,3
6274,5
6329,5
6331,5
6354,5
6358,5
6360,5
6363,5
6366,5
6368,5
6370,5
6373,3
6379,5
6380,5
6383,5
6387,5
6390,5
6393,6
6439,4
6443,5
6448,5
6461,3
6463,3
6464,3
6465,3
6466,3
6469,5
6519,3
6525,6
6528,8
6606,4
6607,7
6609,4
6610,4
6660,2
6663,2
6674,8
6684,6
6752,6
6758,6
6779,3
6782,3
6785,5
6787,5
6803,5
6855,3
6856,3
6859,3
7123,3
7192,7
7197,8
7198,8
7376,3
7379,2
7452,8
7460,8
7485,4
7489,4
7491,4
7527,3
7529,3
7545,6
7552,6
7709,3
7712,3
8215,4
8256,5
8257,1
8260,3
8269,4
8270,6
8329,2
8331,6
8357,6
8363,6
8372,5
8450,8
8452,8
8489,8
9490,6
9492,2
9721,6
9846,6
9851,3
9852,8
9918,6
9986,8
9987,8
9994,8
10046,1
10108,2
10111,4
10160,8
10165,8
10186,4
10190,8
10376,6
10381,6
10382,6
10383,3
10384,3
10385,6
10387,3
10389,5
10438,6
10440,1
10441,3
10443,3
10445,3
10447,3
10451,3
10482,7
10484,6
10535,4
10568,7
10575,8
10669,8
10671,2
10678,3
10680,7
10681,3
10682,3
10683,3
10685,3
10805,7
10806,2
10807,8
10809,8
10932,8
10942,2
10943,4
10952,7
10954,4
10992,3
11030,8
11198,6
11204,2
11234,8
11261,5
11306,2
11333,6
11389,1
11417,3
11420,1
11426,1
11429,1
11430,1
11431,1
11432,1
11505,5
11508,3
11541,3
11544,5
11671,3
11672,5
11673,5
11674,5
11675,3
11677,5
11681,5
11695,1
11763,2
11764,4
11768,4
11772,4
11779,7
11785,2
11786,2
11794,4
11796,4
11819,4
11824,4
11828,4
11829,4
11834,4
11837,4
11840,4
11859,4
11862,4
11865,4
11867,4
11881,4
11885,4
11891,8
11892,4
11893,4
11895,4
11897,4
11916,2
11919,2
11920,2
11937,7
11976,2
11988,2
12045,3
12046,7
12050,3
12052,3
12053,3
12058,6
12059,3
12067,6
12068,6
12109,3
12147,8
12174,8
12179,7
12195,2
12348,7
12352,3
12369,4
12375,4
12376,7
12387,7
12390,7
12394,3
12421,3
12423,8
12481,3
12482,3
12483,5
12485,6
12486,3
12490,6
12509,6
12510,3
12515,6
12516,7
12518,4
12530,5
12531,4
12532,7
12537,7
12588,7
12608,8
12654,8
12691,5
12692,2
12835,6
12926,1
12927,1
12985,3
12986,3
12990,6
13014,6
13125,1
13197,3
13207,5
13218,7
13220,2
13362,4
13366,5
13446,8
13451,8
13539,3
13540,3
13566,7
13576,2
13579,2
13598,7
13706,2
13709,6
13735,4
13767,4
13772,8
13814,3
13833,4
13835,2
13867,2
13879,8
13891,8
13929,3
14071,2
14077,2
14080,2
14085,2
14086,2
14088,2
14110,2
14316,5
14317,5
14318,5
14319,5
14341,6
14361,4
14386,4
14481,8
14542,4
14543,4
14601,5
14603,3
14604,1
14661,8
14677,2
14681,2
14684,8
14736,5
14744,8
14773,6
14776,2
14818,2
14867,4
15148,5
15157,8
15204,4
15209,2
15213,4
15261,5
15364,3
15439,3
15444,3
15493,4
15494,4
15497,8
15498,8
15609,8
15619,6
15863,4
15866,5
15870,5
15871,4
15880,1
15962,7
15989,4
16025,3
16095,5
16155,2
16158,3
16162,4
16163,5
16288,8
16289,8
16339,5
16692,8
16699,8
16744,5
16747,5
16848,8
16937,6
16943,6
17003,6
17130,8
17131,8
17345,3
17422,3
17463,8
17492,6
17494,4
17495,4
17496,2
17499,4
17605,5
17631,5
17634,5
17657,2
17734,8
17781,1
17906,4
18033,5
18034,5
18039,5
18041,3
18043,5
18112,6
18145,4
18146,4
18159,3
18198,5
18217,4
18226,4
18346,3
18350,3
18589,8
18611,8
18636,8
18787,5
18876,3
18877,3
19074,3
19187,3
19266,2
19272,7
19330,1
19331,1
19333,1
19412,6
19413,5
19415,7
19416,7
19417,3
19418,4
19419,7
19421,6
19439,4
19441,5
19442,7
19707,3
19721,4
19735,8
19761,7
19889,8
19890,2
19891,8
19975,3
20011,1
20234,4
20280,7
20296,6
20432,7
20469,4
20669,7
20704,7
20926,6
21165,2
21168,2
21169,2
21187,5
21231,5
21345,2
21363,7
21402,7
21405,2
21410,5
21527,1
21676,6
21677,8
21689,4
21695,4
21776,5
21847,6
21886,5
21889,2
21893,5
21956,2
21962,2
21996,4
22000,2
22021,5
22024,4
22039,4
22088,4
22091,4
22097,1
22100,8
22113,8
22127,2
22141,2
22151,6
22152,8
22296,4
22298,6
22307,6
22348,3
22372,1
22432,2
22473,7
22474,1
22476,7
22480,5
22558,2
22562,8
23014,3
23035,4
23039,3
23143,1
23145,1
23149,7
23155,3
23156,5
23506,2
23535,2
23766,2
23818,2
23857,2
23878,2
23879,2
23892,8
24060,2
24363,5
24364,8
24366,3
24367,8
24371,8
24425,2
24430,4
24460,5
24521,1
24699,5
24700,5
24701,5
24717,6
24739,5
24742,5
24744,5
24746,5
24747,5
24749,5
24792,7
24795,4
24809,2
24831,1
24842,1
24844,2
24876,6
24896,6
24913,6
24952,5
24975,7
24985,4
24994,6
25007,2
25028,5
25029,5
25032,5
25033,5
25055,3
25104,8
25123,5
25216,5
25227,5
25232,5
25233,5
25234,5
25370,2
25375,7
25378,3
25382,7
25603,5
25608,4
25668,4
25669,5
25670,2
25902,5
25928,1
26012,4
26014,4
26015,4
26034,4
26035,4
26171,4
26176,7
26177,7
26179,7
26325,8
26465,8
26482,2
26483,2
26601,1
26605,6
26612,5
26636,2
26638,7
26640,6
26682,3
26740,3
26744,2
26765,1
26851,2
26854,2
26870,2
26905,5
26907,6
26932,2
27155,4
27164,5
27213,8
27408,4
27431,1
27435,5
27454,6
27547,5
27552,5
27609,7
27611,5
27667,4
27797,2
27804,7
27866,3
27946,1
27975,1
27978,1
27981,1
27987,1
28024,6
28036,8
28072,8
28104,6
28109,1
28110,1
28120,1
28121,1
28126,2
28178,2
28468,2
28471,2
28475,2
28477,8
28482,2
28483,2
28484,8
28485,7
28530,6
28577,8
28608,5
28609,6
29041,4
29047,7
29180,1
29184,3
29187,3
29265,8
29267,7
29272,7
29351,5
29355,5
29469,3
29478,7
29480,3
29498,8
29501,8
29626,4
29672,6
29690,5
29718,5
29720,2
29739,5
29745,6
29747,8
29839,8
29940,4
29954,4
29959,4
29961,2
29971,3
30034,2
30044,4
30045,4
30050,7
30051,7
30058,7
30071,8
30093,2
30248,4
30374,7
30486,7
30487,7
30488,7
30667,6
30698,6
30928,7
31154,4
31165,4
31233,1
31236,1
31240,1
31260,8
31356,7
31456,6
31459,5
31569,2
31823,6
31887,5
31888,5
31912,2
32021,8
32067,8
32075,8
32149,6
32221,6
32231,7
32330,1
32333,7
32339,7
32448,8
32508,3
32519,2
32697,3
32760,2
32771,8
32774,8
32848,2
32875,4
32915,2
32958,4
33049,3
33068,7
33071,5
33072,7
33119,6
33128,2
33185,8
33422,5
33426,5
33463,3
33466,3
33477,6
33552,4
33996,3
34147,6
34167,4
34263,3
34313,1
34319,1
34348,3
34438,4
34461,1
34463,1
34465,1
34506,6
34507,6
34508,1
34521,6
34547,3
34550,1
34642,2
34994,6
34996,2
35006,6
35160,8
35162,6
35182,2
35186,7
35194,6
35220,1
35367,6
35397,2
35443,3
35528,4
35544,7
35545,7
35550,2
35568,2
35569,2
35571,7
35784,1
35818,3
35987,2
36053,5
36097,2
36272,3
36273,5
36275,5
36301,4
36305,4
36322,7
36325,3
36328,3
36332,3
36375,6
36472,1
36474,1
36477,1
36518,3
36533,1
36538,1
36561,7
36799,7
36800,4
36802,7
36959,7
36963,5
36965,5
36987,2
36990,2
36992,2
36994,2
36999,7
37014,1
37160,2
37324,5
37325,5
37368,8
37369,7
37530,7
37532,6
37538,6
37591,8
37731,8
37783,1
37921,2
37929,2
37958,2
37978,1
37979,5
38312,6
38321,5
38326,8
38352,5
38354,5
38361,6
38362,6
38364,6
38455,2
38557,7
38560,4
38678,2
38775,5
38776,5
38777,3
38780,5
38781,5
38783,5
38817,5
38819,5
38820,5
38821,5
38822,5
38823,5
38824,3
38825,5
38829,1
38833,5
38864,6
38866,6
38880,6
38882,6
38884,6
38893,6
38895,6
38900,6
38906,6
38907,6
38908,6
38961,8
38967,7
39018,5
39186,6
39291,2
39530,7
39536,6
39658,5
39660,5
39661,5
39662,7
39666,5
39667,5
39788,8
39872,5
39878,6
39900,6
40132,6
40176,6
40177,6
40230,6
40231,3
40235,7
40236,6
40242,7
40244,3
40353,6
40370,2
40416,3
40510,7
40511,4
40516,4
40522,2
40526,4
40542,4
40633,7
40635,2
40646,2
40687,7
40725,8
40781,2
40786,2
40787,2
40792,2
40794,2
40795,2
40797,2
40811,2
40823,2
40905,6
40936,5
40938,8
40984,3
41013,8
41020,5
41054,6
41079,2
41458,2
41714,2
41803,8
41819,4
41820,8
41825,8
41934,2
41954,1
42014,5
42023,5
42031,2
42045,2
42046,4
42048,7
42138,7
42236,6
42238,1
42245,5
42269,3
42281,6
42286,6
42288,6
42377,2
42434,8
42441,5
42445,5
42464,5
42529,5
42532,3
42659,3
42720,2
42721,8
42725,8
42746,2
42748,7
42751,3
42754,6
42774,6
42776,7
42866,8
42901,4
42911,7
42914,2
42950,8
42966,6
43016,5
43019,5
43026,5
43027,5
43057,6
43063,2
43157,4
43172,5
43173,5
43400,4
43405,8
43411,2
43517,5
43534,5
43535,5
43586,5
43588,5
43589,5
43590,5
43593,5
43595,5
43621,1
43623,8
43695,5
43696,3
43698,5
43765,5
43766,5
43767,1
43768,5
43842,3
43848,7
43857,4
43865,7
43867,2
43884,6
43899,4
43916,4
43959,6
44056,6
44096,2
44110,1
44192,8
44250,4
44259,4
44275,8
44276,8
44284,8
44342,1
44347,6
44359,6
44374,6
44746,2
44750,2
44779,8
44781,2
44805,3
44809,3
44822,8
44852,2
44856,6
44950,5
44951,5
44952,5
45018,8
45057,8
45125,4
45126,1
45128,8
45152,4
45335,6
45366,6
45429,6
45505,2
45523,7
45550,8
45620,2
45953,6
46020,8
46029,6
46048,2
46067,6
46238,6
46324,6
46331,6
46486,8
46509,6
46642,1
46710,6
46732,6
46840,3
46841,7
46851,4
46854,7
46856,8
46928,3
46930,3
46936,5
47160,8
47200,6
47464,8
47597,8
47665,6
47666,7
47675,3
47707,8
47782,7
47859,3
47868,3
47870,6
47874,1
47894,7
47896,4
47897,7
47946,8
47948,8
47951,8
48046,1
48230,2
48296,2
48297,2
48298,2
48306,6
48307,6
48311,6
48317,1
48326,6
48334,6
48399,1
48401,1
48444,6
48445,6
48446,6
48450,6
48491,5
48535,2
48555,5
48680,8
48778,6
48826,5
48856,6
48860,6
48863,6
49031,3
49039,6
49068,8
49399,6
49404,6
49407,6
49475,2
49477,4
49602,1
49605,5
49819,6
49843,3
49847,3
49848,3
50167,3
50264,7
50272,7
50320,3
50322,1
50387,4
50388,4
50598,5
50613,3
50621,3
50818,8
50829,8
50837,8
50856,6
50866,8
51004,6
51005,2
51006,5
51111,6
51115,6
51117,1
51146,3
51151,6
51157,6
51167,2
51194,2
51202,2
51260,2
51262,2
51263,2
51267,7
51268,6
51269,8
51272,6
51273,2
51276,2
51278,6
51292,6
51301,6
51331,7
51332,7
51333,3
51344,6
51383,8
51479,6
51600,8
51602,8
51655,7
51657,6
51661,3
51683,5
51774,8
51851,7
51918,7
51937,1
51938,1
51946,6
51952,2
51953,2
51991,5
51997,2
51998,5
52001,5
52035,7
52036,3
52042,2
52043,7
52045,3
52118,7
52120,5
52122,3
52123,5
52125,5
52129,4
52224,5
52378,6
52389,6
52500,3
52508,3
52599,4
52729,1
52734,6
52735,6
52881,8
52945,3
52950,3
52951,3
52953,3
52954,3
52955,3
53156,4
53157,4
53159,2
53230,1
53302,2
53375,4
53378,5
53380,5
53443,4
53452,4
53588,3
53591,2
53687,6
53690,6
53723,5
53725,5
53726,2
53728,5
53733,6
53742,8
53807,8
53901,8
53988,2
54019,7
54032,8
54033,6
54034,7
54040,8
54062,3
54063,3
54064,3
54127,6
54129,6
54135,6
54236,7
54296,3
54297,3
54362,4
54363,4
54376,4
54433,5
54436,4
54437,2
54442,2
54464,2
54467,2
54468,2
54469,2
54470,4
54476,4
54478,5
54554,6
54556,6
54557,8
54558,6
54568,5
54576,6
54578,5
54580,5
54659,2
54665,3
54667,7
54700,3
54730,8
54732,8
54735,8
54753,2
54882,6
54930,8
54937,8
54938,8
55100,7
55109,4
55114,4
55116,4
55122,4
55124,4
55150,6
55151,6
55160,2
55161,2
55232,2
55233,4
55234,2
55236,5
55237,4
55238,5
55241,5
55285,5
55287,7
55288,7
55293,2
55294,7
55295,7
55399,2
55437,8
55480,2
55532,6
55548,7
55554,2
55575,4
55577,4
55579,4
55757,8
55761,7
55765,2
55808,2
55826,5
55827,5
55831,5
55916,8
55917,8
55921,8
55949,1
55957,1
56006,1
56010,6
56014,7
56120,8
56247,2
56249,5
56460,6
56465,5
56467,5
56469,6
56470,5
56492,4
56493,4
56496,5
56520,3
56522,3
56524,7
56528,7
56548,6
56555,8
56652,8
56664,6
56686,5
56689,4
56690,2
56691,4
56692,4
56694,5
56797,7
56842,8
56875,8
56881,8
56882,8
56931,4
57066,4
57162,7
57166,7
57175,8
57180,7
57327,4
57352,8
57359,6
57409,2
57411,7
57413,2
57435,8
57437,3
57439,8
57441,6
57554,3
57584,7
57629,3
57630,1
57637,8
57638,8
57642,3
57643,3
57645,1
57646,3
57648,3
57656,8
57691,3
57697,4
57892,8
57943,6
57961,4
58052,8
58060,6
58070,6
58077,3
58115,8
58116,8
58117,8
58135,3
58138,6
58139,7
58167,4
58169,4
58170,6
58173,1
58174,2
58208,7
58213,4
58222,8
58404,7
58540,8
58570,8
58605,8
58721,1
58723,1
58724,1
58751,1
58756,1
58763,1
58764,1
58878,1
59022,1
59024,1
59047,1
59054,1
59080,8
59176,8
59240,8
59255,2
59271,6
59373,8
59443,8
59446,8
59451,8
59453,8
59454,8
59577,1
59578,1
59579,1
59581,3
59582,1
59587,1
59656,5
59657,5
59658,5
59664,5
59667,5
59671,5
59673,5
59675,5
59676,5
59677,5
59678,5
59679,5
59680,5
59681,5
59682,3
59683,5
59684,5
59685,5
59687,5
59688,5
59695,5
59702,5
59710,5
59711,5
59714,5
59718,5
59719,3
59720,5
59725,5
59726,5
59727,5
59732,6
59941,2
59973,8
59975,8
60045,6
60048,7
60074,7
60146,5
60323,6
60363,7
60421,8
60474,8
60486,4
60491,4
60533,5
60536,5
60537,5
60547,5
60548,5
60549,5
60688,8
60720,8
60729,8
60754,5
60755,5
60756,5
60757,5
60775,6
60776,5
60777,5
60828,8
60863,5
60865,5
60872,5
60874,5
60963,2
60981,6
60993,8
61006,6
61012,6
61167,4
61169,4
61172,4
61175,4
61452,4
61532,4
61587,8
61591,2
61592,6
61598,1
61670,7
61679,8
61734,1
61738,3
61740,7
61742,5
61750,2
61753,4
61812,6
61820,6
61852,4
61954,5
62042,2
62049,2
62160,5
62162,7
62164,7
62165,5
62187,4
62188,5
62189,4
62190,4
62191,5
62192,4
62193,5
62195,7
62196,5
62204,8
62449,3
62450,3
62452,8
62528,5
62529,5
62531,5
62534,5
62584,8
62592,5
62594,5
62595,8
62596,8
62636,7
62638,7
62648,2
62658,8
62742,1
62749,7
62753,2
62874,8
63040,8
63064,4
63097,8
63157,1
63188,8
63224,8
63250,8
63255,3
63303,8
63384,8
63386,7
63390,8
63392,3
63405,6
63468,8
63483,7
63595,6
63626,1
63731,4
63755,7
63771,7
63772,4
63801,7
63804,7
63875,2
63897,4
63903,4
63911,4
63967,7
64007,5
64008,7
64009,7
64026,8
64030,8
64031,8
64091,1
64250,5
64251,5
64252,3
64253,5
64339,4
64357,4
64364,4
64407,5
64408,4
64410,2
64448,7
64454,7
64499,5
64503,6
64515,4
64516,4
64519,4
64521,4
64523,2
64551,8
64555,6
64591,7
64592,5
64593,5
64594,4
64602,6
64603,5
64604,2
64628,4
64629,2
64663,7
64669,3
64768,2
64771,2
64788,3
64832,8
64834,8
64841,8
64861,7
64876,3
64877,3
64893,6
64896,6
64919,6
64992,4
65073,4
65077,5
65172,8
65234,6
65425,2
65438,8
65628,8
65656,1
65664,1
65671,1
65685,1
65755,8
65879,3
65891,4
65892,3
65893,4
65979,8
66066,2
66183,7
66330,5
66381,2
66390,2
66394,8
66437,2
66457,8
66462,8
66474,7
66477,8
66480,6
66538,8
66636,2
66643,5
66646,5
66648,5
66660,8
66761,8
66782,5
66807,4
66810,2
66813,4
66814,2
66815,2
66816,2
66818,2
66868,2
66894,6
66938,4
66977,5
66999,5
67004,4
67010,7
67013,3
67014,3
67015,5
67016,3
67225,2
67228,2
67233,4
67331,2
67358,5
67361,2
67363,3
67368,7
67455,8
67459,6
67466,2
67472,7
67474,3
67513,8
67530,6
67558,3
67597,3
67599,3
67600,3
67626,6
67654,3
67655,2
67736,2
67752,8
67760,8
67763,3
67781,4
67790,4
67791,4
67793,4
68355,7
68356,3
68530,4
68532,8
68533,4
68535,2
68539,6
68542,6
68570,6
68571,6
68595,4
68599,2
68600,4
68713,8
68838,3
68839,3
68840,6
68841,5
68842,3
68852,5
68853,5
68855,5
68856,5
68858,3
68860,3
68891,2
68894,2
68910,2
68914,2
68918,2
69001,6
69178,8
69181,2
69197,2
69201,2
69361,8
69561,4
69562,4
69638,6
69737,8
69745,1
69746,6
69747,2
69761,3
69763,3
69764,7
69765,8
69767,3
69785,7
69823,4
69831,4
69834,2
69840,8
69928,8
69949,8
70002,1
70168,5
70173,7
70198,8
70201,8
70208,4
70240,8
70275,8
70283,2
70403,8
70418,1
70419,1
70424,7
70425,8
70426,7
70437,8
70438,8
70446,1
70461,1
70471,1
70517,3
70654,4
70655,4
70657,4
70658,4
70687,6
70821,7
70873,1
70874,6
70875,1
70876,2
70879,6
70888,8
70913,4
70914,4
70938,1
70940,1
70941,1
71096,7
71101,2
71105,4
71109,2
71156,4
71197,2
71199,2
71217,4
71221,4
71240,4
71247,4
71249,4
71256,8
71266,8
71372,8
71393,4
71402,7
71492,8
71504,2
71506,7
71516,6
71619,4
71688,4
71691,4
71692,4
71693,2
71695,4
71702,2
71709,8
71714,8
71722,3
71804,6
71858,1
71947,2
72047,5
72050,3
72058,3
72072,2
72132,4
72215,4
72290,8
72468,2
72476,4
72514,2
72562,5
72592,2
72607,3
72610,1
72612,1
72686,5
72690,2
72782,4
72785,4
72787,5
73124,7
73169,3
73170,3
73171,3
73174,3
73177,8
73181,8
73307,8
73336,2
73468,7
73469,3
73551,4
73561,2
73566,3
73571,3
73572,3
73573,3
73580,6
73581,3
73585,3
73760,2
73767,8
73768,4
73770,7
73771,4
73772,3
73773,2
73774,8
73776,2
73777,2
73778,4
73792,8
73921,8
73990,7
74002,3
74129,5
74154,2
74198,6
74355,3
74359,2
74365,2
74370,3
74371,7
74374,3
74388,3
74421,3
74430,3
74559,4
74667,7
74776,3
74882,8
74916,8
74942,8
74951,4
74956,4
74957,4
75040,8
75076,4
75084,4
75191,7
75194,7
75206,8
75207,7
75231,3
75264,5
75275,8
75293,8
75306,7
75310,3
75314,7
75317,8
75372,4
75381,4
75384,4
75385,4
75386,2
75387,4
75388,2
75389,4
75394,2
75396,4
75403,4
75416,4
75658,4
75672,4
75675,2
75704,3
75706,2
75741,2
75746,4
75748,4
75758,2
75764,2
75784,7
75866,3
75883,3
75893,1
75894,1
75897,1
75910,8
75919,7
75928,2
75932,2
75936,2
76036,5
76071,6
76075,5
76077,5
76079,5
76128,2
76129,2
76130,2
76385,2
76425,6
76438,5
76441,3
76510,2
77520,6
77525,6
77556,2
77565,4
77571,4
77572,4
77859,6
77941,2
78037,5
78550,8
78835,4
78837,4
78842,4
78846,4
78849,2
78850,4
78852,4
78992,4
78996,4
79000,4
79574,8
79575,8
79589,3
79604,4
79610,4
79642,6
79851,2
79852,7
79902,1
79906,1
79910,1
79918,4
79976,6
79977,6
79985,3
79988,5
79991,3
79994,3
79995,3
80287,4
80293,4
80341,5
80351,5
80428,2
80432,5
80534,2
80558,2
80562,2
80567,7
80680,5
80687,5
80694,5
80695,5
80697,5
80751,6
80754,5
80755,7
80756,5
80758,5
80765,5
80766,6
80774,5
80775,5
80776,5
80793,2
80842,4
80843,2
80881,2
81016,7
81019,7
81033,8
81082,7
81083,5
81089,5
81868,4
81939,3
81943,3
82049,6
82061,6
82169,6
82216,2
82218,2
82249,2
82336,4
82411,4
82515,4
82522,8
82523,8
82525,6
82529,8
82629,5
82695,4
82702,4
82756,3
82860,6
82897,3
83200,6
83437,3
83438,3
83439,3
83509,3
83511,3
83512,3
83555,5
83625,2
83629,7
83706,4
83714,5
83783,4
83826,8
83871,8
83898,7
83911,7
83912,5
83955,6
83956,6
83957,6
83968,6
84009,3
84012,3
84057,6
84140,3
84152,8
84155,1
84157,3
84159,3
84172,2
84414,6
84486,2
84568,2
84785,7
84791,1
84793,1
84826,8
85072,2
85307,7
85309,4
85311,2
85343,2
85402,6
85419,8
85424,5
85426,7
85427,3
85428,8
85436,3
85437,1
85438,3
85445,3
85484,3
85488,3
85490,3
85494,5
85499,6
85594,2
85595,2
85598,7
85599,3
85691,1
85692,3
85705,6
85792,8
85816,8
85828,2
85835,2
85922,5
85950,5
85953,7
85957,7
85963,3
85966,8
85967,1
85968,7
85972,3
86082,6
86116,7
86117,2
86156,2
86159,2
86162,2
86219,7
86255,6
86416,2
86419,8
86442,8
86577,6
86623,7
86724,6
87068,4
87186,7
87192,3
87193,3
87324,3
87361,8
87377,1
87483,8
87516,3
87622,8
87698,8
87701,8
87967,3
88429,7
88485,6
88826,8
88848,7
88856,7
88860,3
88861,3
88867,5
88869,7
88870,7
88871,5
88872,7
88876,7
88879,8
88935,8
88937,8
89178,4
89215,6
89336,5
89441,3
89484,3
89485,3
89617,2
89843,4
89846,4
89881,8
89882,2
89983,6
90153,4
90570,7
90577,5
90582,6
90586,6
90587,6
90590,6
90591,2
90649,8
90714,7
90769,8
90798,6
90824,5
90828,8
90847,6
90852,6
90989,4
91069,8
91075,8
91082,2
91099,3
91102,3
91160,5
91162,2
91164,7
91170,7
91171,3
91177,5
91178,3
91181,3
91182,6
91183,5
91184,5
91186,5
91215,4
91218,7
91237,3
91305,4
91309,4
91311,4
91317,4
91326,8
91348,7
91349,7
91418,8
91420,8
91444,3
91459,3
91468,7
91562,2
91566,2
91567,2
91587,7
91752,2
91790,3
91791,3
91793,8
91794,3
91797,3
91887,1
91934,3
91935,3
91938,3
91958,3
91984,2
91998,2
92131,6
92206,5
92292,3
92463,4
92466,7
92535,3
92536,3
92537,3
92538,3
92558,4
92565,5
92867,8
92883,6
92884,6
92888,6
92889,6
93015,8
93059,8
93064,8
93074,3
93364,6
93582,8
93599,8
93716,7
93723,4
93858,8
93861,8
93867,8
93939,6
93942,2
93981,5
94410,6
94419,8
94422,5
94423,5
94426,5
94451,4
94461,3
94463,4
94464,4
94628,5
94630,6
94632,5
94634,8
94638,7
94726,6
95177,2
95193,2
95214,1
95228,7
95409,2
95475,2
95523,8
95526,2
95753,7
95868,6
95912,6
96166,6
96167,1
96168,1
96169,1
96287,3
96298,7
96408,2
96652,4
96665,4
96692,7
96696,3
96697,3
96725,3
96726,3
96727,3
96729,3
96738,5
96754,7
96767,7
96769,7
96901,6
96930,8
96933,8
96944,7
96945,2
96946,7
97213,3
97215,3
97216,3
97324,7
97372,2
97395,4
97397,6
97587,3
97588,3
97589,3
97590,3
97688,7
97794,2
97836,6
97839,7
97958,7
97978,4
97979,4
97988,2
98031,5
98077,4
98200,6
98229,6
98245,8
98299,5
98339,5
98346,5
98530,4
98549,4
98559,7
98565,2
98568,7
98569,5
98571,6
98576,4
98578,7
98583,4
98614,4
98616,4
98623,7
98624,4
98626,4
98656,5
98666,5
98668,5
98669,3
98670,5
98681,5
98805,5
98908,2
98916,4
98921,2
98926,2
98940,4
98950,2
98952,4
98984,2
99006,2
99011,2
99028,5
99073,7
99074,5
99079,4
99080,4
99085,4
99151,8
99174,7
99253,8
99303,2
99311,4
99312,4
99356,5
99361,5
99362,5
99368,5
99369,5
99371,5
99372,5
99374,5
99393,5
99483,7
99485,3
99488,1
99490,6
99498,4
99500,4
99647,5
99654,8
99657,8
100526,2
100534,8
100535,4
100552,2
100917,4
100922,4
100924,4
100930,4
101081,8
101086,8
101111,5
101112,4
101119,4
102114,6
102133,6
102164,3
102208,2
102211,4
103595,3
103799,4
103804,4
103808,4
103828,2
104008,3
104064,8
104066,8
104068,8
104137,7
104264,2
104271,2
104273,2
104346,3
104352,3
104353,3
104356,3
104357,3
104412,4
104413,5
104427,4
104434,2
104614,6
104625,6
104627,6
104689,5
104691,3
104719,5
104722,6
104724,3
104766,6
104779,3
105094,8
105112,8
105136,8
105141,2
105143,4
105192,1
105245,8
105408,2
105411,2
105431,4
105449,2
105550,2
105666,2
105669,3
105674,7
105685,1
105700,2
105712,3
105713,3
105716,3
105717,3
105766,4
105818,6
105820,2
105824,4
105825,4
105887,3
105888,3
105890,3
105905,8
105914,3
105918,3
106274,8
106339,3
106341,3
106455,5
106458,7
106463,8
106522,7
106566,8
106571,6
106605,2
106635,2
106694,4
106773,2
106881,2
106934,1
106937,3
106948,7
106954,8
107021,4
107025,4
107028,4
107046,4
107049,2
107050,6
107076,8
107090,3
107178,2
107180,5
107181,4
107182,7
107185,7
107186,7
107188,7
107189,2
107248,5
107249,5
107251,5
107385,8
107483,7
107501,8
107502,8
107509,1
107510,1
107511,3
107567,3
107569,3
107570,3
107572,3
107574,3
107575,3
107584,7
107588,3
107589,3
107592,6
107593,3
107595,3
107596,3
107616,8
107622,7
107652,2
107658,6
107800,2
107809,4
107831,4
107850,4
107852,3
107854,7
107856,7
107949,5
107950,5
107954,7
107955,7
107957,4
108015,3
108016,3
108030,3
108036,8
108050,8
108218,2
108292,7
108295,7
108298,8
108300,3
108301,3
108306,3
108307,3
108308,3
108314,3
108316,3
108319,7
108415,2
108425,7
108426,4
108428,2
108453,4
108459,7
108460,5
108488,4
108494,4
108497,4
108499,4
108503,8
108527,4
108805,4
108808,4
108810,2
108812,4
108941,6
108962,8
108966,8
108988,8
109051,7
109083,6
109112,6
109448,3
109477,3
109482,8
109485,8
109507,8
109646,2
109659,4
109661,2
109668,4
109711,6
109896,3
109897,3
109904,3
109906,3
109960,6
109962,1
109963,6
109972,3
109973,6
109974,4
109975,7
109976,4
110075,4
110076,4
110078,4
110086,4
110109,2
110259,8
110262,4
110263,4
110264,5
110274,1
110384,3
110437,3
110438,3
110439,3
110440,3
110450,5
110451,5
110452,5
110611,6
110624,3
110627,5
110687,7
110690,2
110718,4
110728,4
110729,4
110733,4
110758,4
110764,4
110765,4
110766,4
110770,4
110777,4
110778,2
110779,4
110925,3
110928,3
110943,8
110944,8
111166,3
111167,7
111182,3
111186,3
111188,3
111210,8
111306,7
111310,8
111368,2
111374,5
111385,6
111388,4
111390,6
111391,7
111394,4
111395,2
111399,4
111401,2
111402,8
111410,6
111414,2
111455,1
111588,7
111638,8
111672,8
111807,8
111822,3
111851,6
111918,2
111969,8
111977,8
111992,7
111993,8
112080,6
112088,6
112195,5
112213,1
112215,6
112218,7
112246,3
112247,3
112376,2
112381,6
112442,4
112461,2
112468,4
112476,4
112479,4
112482,4
112583,3
112585,4
112588,3
112665,6
112735,8
112758,4
113018,4
113020,7
113022,2
113023,6
113025,5
113026,4
113027,7
113032,4
113033,4
113036,4
113037,4
113038,6
113040,6
113165,8
113167,5
113202,8
113259,3
113263,5
113268,6
113271,7
113272,4
113274,8
113276,3
113277,7
113278,8
113279,7
113280,3
113282,2
113295,8
113304,8
113344,3
113357,3
113358,3
113359,3
113403,4
113409,4
113451,2
113527,8
113559,7
113563,7
113574,8
113597,1
113598,1
113697,5
113701,5
113808,4
113810,7
113934,2
113935,2
113943,8
113946,3
113947,3
114043,7
114044,7
114047,5
114049,4
114050,5
114058,2
114064,2
114242,7
114269,7
114271,4
114273,7
114281,2
114290,2
114295,2
114298,4
114386,7
114396,1
114651,2
114656,1
114657,7
114658,2
114940,3
114975,6
114976,8
115263,5
115272,5
115273,8
115365,7
115375,5
115391,7
115593,8
115595,8
115617,4
115916,7
115919,8
115920,2
115923,7
115924,3
115925,3
115927,3
115931,3
115932,3
115933,3
115934,3
115944,3
116022,2
116024,2
116030,2
116195,3
116199,7
116238,4
116261,2
116298,7
116299,6
116319,8
116368,5
116370,6
116386,5
116388,6
116411,1
116446,3
116454,3
116456,3
116458,5
116463,5
116523,6
116586,1
116707,1
116720,8
116731,7
116826,2
116833,2
116866,7
116873,3
116874,3
116879,2
116882,5
117057,6
117211,8
117282,2
117311,8
117472,6
117473,8
117631,8
117632,8
117666,5
117783,7
117846,3
117848,3
117850,2
117862,8
117868,8
117869,8
117942,4
117944,4
117946,8
118012,6
118041,6
118042,6
118055,8
118085,3
118199,5
118222,3
118226,4
118256,8
118261,6
118329,8
118483,3
118495,8
118496,3
118498,3
118503,6
118504,7
118574,4
118576,3
118577,4
118578,4
118624,5
118667,7
118672,3
118706,2
118726,6
118727,2
118739,5
118740,7
118891,3
118957,6
118958,6
118987,7
119019,8
119020,6
119022,6
119023,6
119026,6
119075,6
119086,6
119097,6
119249,8
119378,6
119379,6
119587,5
119719,4
119753,6
119820,6
119922,8
119941,4
119946,6
119976,4
119978,2
119989,4
120095,5
120099,4
120121,3
120150,6
120162,7
120174,3
120175,3
120178,3
120179,5
120181,2
120183,7
120185,5
120191,7
120194,8
120198,3
120200,8
120334,2
120460,2
120540,7
120781,6
120921,1
121257,8
121277,6
121278,1
121288,6
121313,2
121317,4
121366,6
121433,6
121569,8
121589,7
121591,8
121734,3
121735,3
121736,3
121740,7
121863,8
121913,5
121926,7
121929,5
121985,3
121987,1
122004,5
122083,8
122124,2
122135,4
122165,6
122180,3
122354,3
122355,7
122356,3
122358,8
122362,3
122363,3
122365,3
122465,3
122473,7
122474,2
122498,7
122499,3
122533,2
122536,7
122554,2
122578,6
122613,8
122681,5
122686,8
122798,8
122799,5
122800,7
122801,7
122804,7
122806,8
122807,7
122808,7
122809,8
122810,3
122832,2
122951,6
123094,3
123096,3
123099,3
123271,5
123333,4
123334,3
123341,6
123389,8
123426,8
123439,8
123440,8
123442,4
123505,2
123605,4
123608,4
123620,4
123641,8
123647,2
123719,8
123829,8
123894,3
123895,3
123897,3
123898,3
123899,3
123932,2
123978,7
123981,4
123988,4
124110,3
124201,8
124409,6
124411,6
124457,8
124465,8
124468,8
124469,8
124477,7
124481,7
124482,7
124517,6
124730,4
124743,4
124745,4
124754,2
124755,2
124878,8
124879,8
124885,7
124886,8
124889,7
124890,2
124891,6
124892,4
125151,2
125152,2
125159,2
125182,3
125184,3
125187,7
125194,3
125196,3
125234,6
125240,6
125299,2
125312,3
125313,7
125333,6
125371,8
125372,7
125375,8
125377,4
125445,8
125478,8
125494,8
125552,2
125563,4
125721,8
125722,7
125723,8
126200,6
126221,6
126225,6
126299,7
126300,2
126357,8
126359,5
126361,7
126398,7
126399,3
126405,7
126425,7
126426,7
126427,7
126430,5
126455,6
126463,3
126487,3
126489,3
126491,3
126506,6
126510,6
126512,1
126517,1
126522,7
126558,6
126601,2
126603,8
126621,2
126674,7
126745,3
126746,3
126747,7
126748,3
126749,7
126782,3
126786,3
126790,3
126890,4
126915,3
126928,7
126955,8
126979,6
126983,8
126993,1
127062,5
127063,3
127065,3
127066,3
127077,4
127081,5
127181,7
127188,7
127189,3
127193,3
127198,8
127203,8
127205,3
127206,8
127265,3
127268,7
127270,8
127274,8
127275,7
127277,7
127280,3
127283,6
127285,2
127286,3
127287,3
127288,3
127289,3
127290,7
127294,8
127296,7
127299,8
127300,7
127302,8
127338,7
127357,5
127483,4
127539,6
127541,6
127620,8
127623,6
127723,3
127726,3
127865,1
127866,5
127867,3
127868,5
127870,1
127908,7
127909,8
127910,7
127912,8
127916,3
127918,3
127919,3
127936,6
128271,8
128438,6
128441,4
128476,7
128477,2
128504,8
128666,4
128708,8
128824,6
128835,6
128916,4
128919,4
128923,5
128925,4
128987,7
128989,3
128991,6
128993,8
129045,4
129052,4
129055,4
129082,8
129089,8
129094,7
129128,6
129235,5
129268,8
129346,8
129362,3
129372,3
129373,7
129392,7
129393,3
129395,5
129396,5
129398,4
129400,4
129402,7
129403,4
129405,4
129406,4
129427,3
129610,6
129618,6
129683,3
129689,3
129691,3
129694,3
129696,3
129700,4
129731,2
129736,2
129807,4
129816,5
129876,5
129879,2
129881,3
129883,4
129884,4
129885,2
129886,4
129903,4
129905,4
129915,4
129919,4
129920,4
129922,5
129927,5
129968,8
129969,7
130012,8
130014,3
130163,4
130165,2
130347,5
130368,7
130370,3
130371,8
130402,3
130453,4
130456,7
130536,2
130542,6
130650,4
130663,3
130667,3
130706,4
130707,3
130758,6
130877,1
130882,2
130940,3
130950,3
130951,3
130952,3
130957,5
130958,3
130960,6
130962,5
131001,2
131023,6
131126,8
131172,8
131194,2
131195,2
131385,7
131416,4
131421,7
131422,5
131425,5
131438,3
131439,8
131442,3
131443,8
131444,3
131451,8
131452,8
131454,5
131458,8
131460,7
131487,2
131489,2
131535,8
131536,8
131764,7
131767,3
131768,7
131770,7
131772,7
131773,7
131808,2
131815,2
131833,8
131897,3
131933,5
131934,8
131938,5
131941,5
131950,5
131953,5
131971,8
132019,8
132040,6
132045,3
132127,7
132130,4
132134,2
132139,5
132140,5
132141,5
132142,5
132154,8
132162,8
132168,8
132171,7
132190,6
132196,6
132424,6
132433,4
132440,2
132447,7
132451,3
132453,3
132455,3
132522,2
132597,6
132779,5
132781,7
132782,6
132786,5
132787,7
132791,5
132794,7
132799,8
132800,8
132862,8
132914,7
132957,4
132959,4
132960,4
132961,4
133020,2
133022,2
133293,6
133301,6
133320,1
133396,8
133625,3
133631,3
133727,8
133729,7
133731,8
133770,6
133788,7
133797,3
133798,7
133812,4
133833,3
133835,3
133836,5
133837,3
133843,4
133844,2
133916,2
134033,3
134064,7
134073,3
134077,3
134081,3
134084,3
134384,5
134388,3
134389,8
134486,3
134509,4
134510,4
134629,4
134933,5
134936,6
134939,5
134947,5
134949,5
134950,5
134952,5
134962,5
134967,8
134979,3
134981,6
134983,1
134985,1
135005,3
135008,7
135009,3
135037,5
135040,7
135044,3
135092,6
135220,5
135221,3
135222,5
135225,5
135226,5
135228,3
135338,2
135342,7
135374,5
136086,1
136094,8
136113,8
136137,3
136324,1
136336,2
136403,8
136428,2
136449,7
136469,4
136707,8
136716,6
136928,6
136930,6
137117,6
137135,6
137149,2
137206,8
137391,2
137396,7
137421,4
137435,2
137461,4
137500,6
137549,6
137561,6
137578,8
137588,8
137589,1
137591,8
137666,6
137719,8
137722,8
137733,8
137892,4
137895,4
137896,4
137898,4
137900,3
137901,4
137907,3
137920,2
137923,2
137988,3
137989,3
138040,8
138063,7
138066,8
138067,7
138068,7
138069,7
138070,3
138071,3
138116,8
138120,8
138203,8
138212,4
138256,6
138262,6
138263,2
138291,8
138297,8
138409,3
138411,3
138414,3
138930,8
139043,2
139065,1
139066,1
139120,8
139144,2
139323,3
139332,6
139520,3
139524,3
139630,4
139686,6
139726,2
139765,8
139767,8
139768,8
139862,7
139876,6
139954,1
140316,6
140317,2
140323,2
140329,6
140344,2
140373,2
140375,4
140387,2
140606,4
140607,5
140618,4
140622,4
140626,4
140788,6
140790,6
140794,2
140871,3
140874,3
140875,3
140942,1
141122,4
141158,4
141162,4
141168,4
141179,7
141228,8
141230,2
141371,4
141414,6
141562,4
141565,2
141568,2
141569,4
141590,2
141591,4
141592,4
141872,2
141901,7
141902,5
141903,7
142085,4
142087,4
142088,4
142092,4
142126,8
142129,3
142131,5
142132,1
142133,1
142296,8
142298,8
142361,4
142372,3
142396,6
142460,2
142507,3
142511,3
142512,3
142516,3
142519,3
142531,6
142535,5
142537,5
142538,7
142550,7
142552,7
142555,5
142565,7
142566,5
142567,5
142568,4
142569,5
142570,5
142572,5
142574,5
142575,5
142577,7
142579,7
142669,2
142671,2
142672,4
142948,7
143040,6
143042,2
143046,2
143054,5
143080,8
143085,8
143091,8
143127,2
143142,1
143144,1
143186,7
143221,7
143529,2
143988,4
144163,4
144170,4
144174,7
144181,4
144182,4
144242,2
144390,2
144465,6
144470,6
144472,1
144474,3
144475,1
144491,1
144545,3
144548,3
144550,3
144573,2
144587,3
144605,3
144609,3
144611,3
144729,4
144803,6
144934,8
144935,4
144936,7
144938,7
144939,4
144940,7
144941,4
144942,7
144944,4
145005,3
145021,5
145039,5
145041,4
145059,6
145074,6
145550,3
145551,3
145553,3
145554,3
145556,6
145568,1
145610,7
145653,3
145703,4
145705,4
145707,7
145708,4
145710,7
145716,4
145720,4
145721,4
145723,7
145724,4
145726,2
145741,4
145746,4
145750,4
145764,8
145766,8
145773,8
145814,7
145916,2
145987,8
146000,3
146147,4
146149,4
146424,6
146482,8
146681,2
146682,5
146689,4
146716,5
146717,4
146721,4
146722,4
146723,4
146872,2
146877,2
146942,7
146946,2
146964,3
146970,3
146988,8
147013,7
147022,4
147087,7
147157,3
147161,5
147180,2
147295,8
147299,3
147304,5
147775,7
147780,4
147809,2
147881,4
147882,4
147886,4
147947,8
147949,2
147955,7
148066,5
148070,5
148074,5
148075,2
148076,5
148077,5
148082,8
148192,3
148214,7
148216,3
148218,3
148229,3
148233,3
148246,5
148286,7
148289,8
148297,6
148301,6
148305,2
148350,6
148355,6
148468,4
148514,7
148515,7
148518,7
148532,3
148587,4
148602,3
148610,7
148613,7
148623,8
148649,6
148987,1
149068,8
149075,7
149077,5
149082,5
149119,4
149120,4
149122,4
149187,8
149370,4
149408,3
149520,5
149622,7
149625,4
149687,4
149698,2
149702,1
149707,1
149708,1
149709,3
149778,6
149868,7
149951,4
149952,4
150017,8
150035,5
150080,2
150165,4
150284,4
150286,2
150288,4
150395,1
150482,8
150573,8
151055,2
151135,8
151262,2
151269,2
151289,4
151533,7
151964,8
151972,8
152254,5
152418,5
152458,2
152464,2
152532,3
152533,4
152536,4
152546,5
153333,4
153365,2
153425,3
153452,7
153865,2
153946,3
153955,7
154294,2
154300,4
154302,4
154305,2
154307,4
154355,5
154359,2
154363,7
154390,6
154410,3
154412,7
154414,3
154449,8
154672,2
154894,4
154962,4
155065,2
155066,2
155141,4
155298,3
155306,3
